{
    "Leader Price": 13.927237529426696,
    "Follower Price": 12.987919785830979,
    "Leader Investment": 196.83796410399205,
    "Follower Investment": 246.83796410399205,
    "Leader Profit": 2927.2375294267194,
    "Follower Profit": 1987.9197858309633,
    "Monopoly Price": 14.513727529379404,
    "Price Interval": [
        12.73,
        12.88,
        13.02,
        13.17,
        13.32,
        13.47,
        13.62,
        13.77,
        13.91,
        14.06,
        14.21,
        14.36,
        14.51,
        14.66,
        14.8
    ],
    "Monopoly Investment": 0,
    "Investment Interval": [
        0
    ],
    "Monopoly Profit": 3513.727529379406,
    "Firm1 Visits": {
        "Min_F": 0,
        "Max_F": 0,
        "Avg_F": 0.0,
        "Pct_Missed_F": "100.0%",
        "Min_L": 43,
        "Max_L": 15300,
        "Avg_L": 130.1997037037037,
        "Pct_Missed_L": "0.0%"
    },
    "Firm2 Visits": {
        "Min_F": 37,
        "Max_F": 15042,
        "Avg_F": 130.1997037037037,
        "Pct_Missed_F": "0.0%",
        "Min_L": 0,
        "Max_L": 0,
        "Avg_L": 0.0,
        "Pct_Missed_L": "100.0%"
    },
    "Rounds": 439424
}