{
    "Monopoly Price": 14.513727529379404,
    "Price Interval": [
        13.062354776441463,
        13.269693741146883,
        13.477032705852304,
        13.684371670557724,
        13.891710635263143,
        14.099049599968565,
        14.306388564673984,
        14.513727529379405,
        14.721066494084825,
        14.928405458790245,
        15.135744423495666,
        15.343083388201086,
        15.550422352906505,
        15.757761317611926,
        15.965100282317346
    ],
    "Monopoly Investment": 0,
    "Investment Interval": [
        0.0,
        13.750000000000002,
        27.500000000000004,
        41.25000000000001,
        55.00000000000001
    ],
    "Monopoly Profit": 3513.727529379406,
    "Firm1 Visits": {
        "Min": 226,
        "Max": 506824,
        "Avg": 888.8888888888889
    }
}