{
    "Monopoly Price": 14.513727529379404,
    "Price Interval": [
        12.728161390114359,
        12.876435725103832,
        13.024710060093307,
        13.17298439508278,
        13.321258730072254,
        13.469533065061727,
        13.617807400051202,
        13.766081735040675,
        13.914356070030149,
        14.062630405019622,
        14.210904740009097,
        14.35917907499857,
        14.507453409988043,
        14.655727744977519,
        14.804002079966992
    ],
    "Leader Price": 13.927237529426696,
    "Follower Price": 12.987919785830979,
    "Monopoly Investment": 0,
    "Investment Interval": [
        0.0,
        67.88044012859783,
        135.76088025719565,
        203.64132038579348,
        271.5217605143913
    ],
    "Leader Investment": 196.83796410399205,
    "Follower Investment": 246.83796410399205,
    "Monopoly Profit": 3513.727529379406,
    "Leader Profit": 2730.3995653227275,
    "Follower Profit": 1741.0818217269712,
    "Firm1 Visits": {
        "Min": 1006,
        "Max": 2423023,
        "Avg": 2962.962962962963
    },
    "Firm2 Visits": {
        "Min": 1006,
        "Max": 2422765,
        "Avg": 2962.962962962963
    }
}