{
    "Leader Price": 13.927237529426696,
    "Follower Price": 12.987919785830979,
    "Leader Investment": 196.83796410399205,
    "Follower Investment": 246.83796410399205,
    "Leader Profit": 2927.2375294267194,
    "Follower Profit": 1987.9197858309633,
    "Monopoly Price": 14.513727529379404,
    "Price Interval": [
        12.728161390114359,
        12.876435725103832,
        13.024710060093307,
        13.17298439508278,
        13.321258730072254,
        13.469533065061727,
        13.617807400051202,
        13.766081735040675,
        13.914356070030149,
        14.062630405019622,
        14.210904740009097,
        14.35917907499857,
        14.507453409988043,
        14.655727744977519,
        14.804002079966992
    ],
    "Monopoly Investment": 0,
    "Investment Interval": [
        0
    ],
    "Monopoly Profit": 3513.727529379406,
    "Firm1 Visits": {
        "Min_F": 0,
        "Max_F": 0,
        "Avg_F": 0.0,
        "Pct_Missed_F": "100.0%",
        "Min_L": 4,
        "Max_L": 25079,
        "Avg_L": 84.10992592592592,
        "Pct_Missed_L": "0.0%"
    },
    "Firm2 Visits": {
        "Min_F": 4,
        "Max_F": 25092,
        "Avg_F": 84.10992592592592,
        "Pct_Missed_F": "0.0%",
        "Min_L": 0,
        "Max_L": 0,
        "Avg_L": 0.0,
        "Pct_Missed_L": "100.0%"
    },
    "Rounds": 283871,
    "Final Prices": [
        14.507453409988043,
        13.469533065061727
    ],
    "Price Patterns": [
        [
            13.469533065061727,
            13.321258730072254,
            14.210904740009097,
            14.655727744977519,
            14.655727744977519,
            14.210904740009097,
            13.914356070030149,
            14.35917907499857,
            14.35917907499857,
            14.507453409988043,
            13.469533065061727,
            13.321258730072254,
            14.210904740009097,
            14.655727744977519,
            14.655727744977519,
            14.210904740009097,
            13.914356070030149,
            14.35917907499857,
            14.35917907499857,
            14.507453409988043,
            13.469533065061727,
            13.321258730072254,
            14.210904740009097,
            14.655727744977519,
            14.655727744977519,
            14.210904740009097,
            13.914356070030149,
            14.35917907499857,
            14.35917907499857,
            13.469533065061727,
            13.321258730072254,
            14.210904740009097,
            14.655727744977519,
            14.655727744977519,
            14.210904740009097,
            13.914356070030149,
            14.35917907499857,
            14.35917907499857,
            14.507453409988043,
            13.469533065061727,
            13.321258730072254,
            14.210904740009097,
            14.655727744977519,
            14.655727744977519,
            14.210904740009097,
            13.914356070030149,
            14.35917907499857,
            14.35917907499857,
            14.507453409988043,
            13.469533065061727,
            13.321258730072254,
            14.210904740009097,
            14.655727744977519,
            14.655727744977519,
            14.210904740009097,
            13.914356070030149,
            14.35917907499857,
            14.35917907499857,
            14.507453409988043,
            13.469533065061727,
            13.321258730072254,
            14.210904740009097,
            14.655727744977519,
            14.655727744977519,
            14.210904740009097,
            13.914356070030149,
            14.35917907499857,
            14.35917907499857,
            14.507453409988043,
            13.469533065061727,
            13.321258730072254,
            14.210904740009097,
            14.655727744977519,
            14.655727744977519,
            14.210904740009097,
            13.914356070030149,
            14.35917907499857,
            14.35917907499857,
            14.507453409988043,
            13.469533065061727,
            13.321258730072254,
            14.210904740009097,
            14.655727744977519,
            14.655727744977519,
            14.210904740009097,
            13.914356070030149,
            14.35917907499857,
            14.35917907499857,
            14.507453409988043,
            13.469533065061727,
            13.321258730072254,
            14.210904740009097,
            14.655727744977519,
            14.655727744977519,
            14.210904740009097,
            13.914356070030149,
            14.35917907499857,
            14.35917907499857,
            14.507453409988043
        ],
        [
            13.321258730072254,
            13.321258730072254,
            13.617807400051202,
            13.469533065061727,
            13.766081735040675,
            14.062630405019622,
            13.766081735040675,
            13.617807400051202,
            14.062630405019622,
            13.469533065061727,
            13.321258730072254,
            13.321258730072254,
            13.617807400051202,
            13.469533065061727,
            13.766081735040675,
            14.062630405019622,
            13.766081735040675,
            13.617807400051202,
            14.062630405019622,
            13.469533065061727,
            13.321258730072254,
            13.321258730072254,
            13.617807400051202,
            13.469533065061727,
            13.766081735040675,
            14.062630405019622,
            13.766081735040675,
            13.617807400051202,
            14.062630405019622,
            13.321258730072254,
            13.321258730072254,
            13.617807400051202,
            13.469533065061727,
            13.766081735040675,
            14.062630405019622,
            13.766081735040675,
            13.617807400051202,
            14.062630405019622,
            13.469533065061727,
            13.321258730072254,
            13.321258730072254,
            13.617807400051202,
            13.469533065061727,
            13.766081735040675,
            14.062630405019622,
            13.766081735040675,
            13.617807400051202,
            14.062630405019622,
            13.469533065061727,
            13.321258730072254,
            13.321258730072254,
            13.617807400051202,
            13.469533065061727,
            13.766081735040675,
            14.062630405019622,
            13.766081735040675,
            13.617807400051202,
            14.062630405019622,
            13.469533065061727,
            13.321258730072254,
            13.321258730072254,
            13.617807400051202,
            13.469533065061727,
            13.766081735040675,
            14.062630405019622,
            13.766081735040675,
            13.617807400051202,
            14.062630405019622,
            13.469533065061727,
            13.321258730072254,
            13.321258730072254,
            13.617807400051202,
            13.469533065061727,
            13.766081735040675,
            14.062630405019622,
            13.766081735040675,
            13.617807400051202,
            14.062630405019622,
            13.469533065061727,
            13.321258730072254,
            13.321258730072254,
            13.617807400051202,
            13.469533065061727,
            13.766081735040675,
            14.062630405019622,
            13.766081735040675,
            13.617807400051202,
            14.062630405019622,
            13.469533065061727,
            13.321258730072254,
            13.321258730072254,
            13.617807400051202,
            13.469533065061727,
            13.766081735040675,
            14.062630405019622,
            13.766081735040675,
            13.617807400051202,
            14.062630405019622,
            13.469533065061727
        ]
    ],
    "Invest Patterns": [
        [
            0
        ],
        [
            0
        ]
    ]
}